2;2 m^2
200;200 m^2
193;193 m^2
51;51 m^2
121;121 m^2
102;102 m^2
140;140 m^2
190;190 m^2
121;121 m^2
157;157 m^2
185;185 m^2
132;132 m^2
167;167 m^2
177;177 m^2
118;118 m^2
191;191 m^2
116;116 m^2
164;164 m^2
86;86 m^2
189;189 m^2
46;46 m^2
92;92 m^2
144;144 m^2
16;16 m^2
127;127 m^2
185;185 m^2
39;39 m^2
67;67 m^2
111;111 m^2
123;123 m^2
39;39 m^2
184;184 m^2
81;81 m^2
68;68 m^2
80;80 m^2
13;13 m^2
9;9 m^2
78;78 m^2
145;145 m^2
118;118 m^2
10;10 m^2
146;146 m^2
135;135 m^2
114;114 m^2
117;117 m^2
62;62 m^2
23;23 m^2
53;53 m^2
92;92 m^2
96;96 m^2
56;56 m^2
15;15 m^2
71;71 m^2
28;28 m^2
184;184 m^2
141;141 m^2
4;4 m^2
141;141 m^2
175;175 m^2
27;27 m^2
117;117 m^2
33;33 m^2
124;124 m^2
104;104 m^2
87;87 m^2
45;45 m^2
107;107 m^2
190;190 m^2
73;73 m^2
153;153 m^2
108;108 m^2
129;129 m^2
75;75 m^2
74;74 m^2
71;71 m^2
195;195 m^2
76;76 m^2
136;136 m^2
191;191 m^2
75;75 m^2
46;46 m^2
68;68 m^2
112;112 m^2
53;53 m^2
174;174 m^2
125;125 m^2
54;54 m^2
132;132 m^2
9;9 m^2
110;110 m^2
53;53 m^2
115;115 m^2
146;146 m^2
40;40 m^2
80;80 m^2
143;143 m^2
120;120 m^2
12;12 m^2
93;93 m^2
151;151 m^2
2;2 m^2
12;12 m^2
